,RMSD,P-VALUE,INF-ALL,INF-WC,INF-NWC,INF-STACK,DI,MCQ,GDT-TS,GDT-TS@1,GDT-TS@2,GDT-TS@4,GDT-TS@8,CAD,RASP-ENERGY,RASP-NB-CONTACTS,RASP-NORMALIZED-ENERGY,BARNABA-RMSD,BARNABA-eRMSD,BARNABA-eSCORE,DFIRE,rsRNASP,lDDT,TM-score (OST),TM-score,QS-score,LCS-TA-COVERAGE-20,LCS-TA-RESIDUES-20,cgRNASP,cgRNASP-C,cgRNASP-PC,TB-MCQ
normalized_3_das_2_rpr.pdb,0.11206865310668945,0.09378242492675781,0.0011429786682128906,0.0006160736083984375,0.00019097328186035156,0.002248525619506836,0.09167098999023438,4.507684707641602,0.06881165504455566,0.06881165504455566,0.06881165504455566,0.06881165504455566,0.06881165504455566,7.224916458129883,0.9395556449890137,0.9395556449890137,0.9395556449890137,0.2388453483581543,0.1366257667541504,0.20116782188415527,0.4865553379058838,1.945530652999878,1.7242918014526367,0.9746301174163818,0.08292078971862793,0.9579858779907227,3.7279648780822754,3.7279648780822754,0.16185688972473145,0.11683082580566406,0.1311945915222168,7.467401027679443
normalized_3_bujnicki_1_rpr.pdb,0.0931854248046875,0.0884239673614502,0.0010495185852050781,0.0006256103515625,0.0002753734588623047,0.002000093460083008,0.09021401405334473,4.3448569774627686,0.06548118591308594,0.06548118591308594,0.06548118591308594,0.06548118591308594,0.06548118591308594,7.122806072235107,0.95684814453125,0.95684814453125,0.95684814453125,0.17961835861206055,0.13251638412475586,0.1879734992980957,0.5425608158111572,1.891103744506836,1.698807954788208,0.98508620262146,0.08203363418579102,1.0313327312469482,3.4669339656829834,3.4669339656829834,0.15122270584106445,0.10711264610290527,0.12701654434204102,6.329837322235107
normalized_3_major_1_rpr.pdb,0.09319424629211426,0.08967304229736328,0.0008554458618164062,0.0004715919494628906,9.560585021972656e-05,0.0015668869018554688,0.08985185623168945,5.088187217712402,0.06492233276367188,0.06492233276367188,0.06492233276367188,0.06492233276367188,0.06492233276367188,7.254366874694824,0.9553308486938477,0.9553308486938477,0.9553308486938477,0.12614870071411133,0.18053936958312988,0.19249796867370605,0.5580732822418213,1.8883585929870605,1.4832336902618408,0.9961683750152588,0.08455085754394531,0.9733614921569824,2.959834337234497,2.959834337234497,0.1548933982849121,0.10842227935791016,0.1274557113647461,6.061333417892456
